{
  "Av. Uruguay 5370, Posadas, Misiones, Argentina": [
    -27.3971423,
    -55.9019589
  ],
  "Viollaz 370, Colón, Entre Rios, Argentina": [
    -32.2111287,
    -58.1486139
  ],
  "san martin 309, colon, Entre Ríos, Argentina": [
    -32.221025,
    -58.1398266
  ],
  "SAN MARTIN 309, COLON, ENTRE RIOS, Argentina": [
    -32.221025,
    -58.1398266
  ],
  "BOLIVAR 174 , COLON, ENTRE RIOS, Argentina": [
    -32.2187262,
    -58.1380411
  ]
}